,year,Home,Visitor,HomeWin
0,16-17,Minnesota Wild,St. Louis Blues,False
1,16-17,Edmonton Oilers,San Jose Sharks,False
2,16-17,Pittsburgh Penguins,Columbus Blue Jackets,True
3,16-17,Montreal Canadiens,New York Rangers,False
4,16-17,Ottawa Senators,Boston Bruins,False
5,16-17,Anaheim Ducks,Calgary Flames,True
6,16-17,Chicago Blackhawks,Nashville Predators,False
7,16-17,Washington Capitals,Toronto Maple Leafs,True
8,16-17,Edmonton Oilers,San Jose Sharks,True
9,16-17,Minnesota Wild,St. Louis Blues,False
10,16-17,Montreal Canadiens,New York Rangers,True
11,16-17,Pittsburgh Penguins,Columbus Blue Jackets,True
12,16-17,Anaheim Ducks,Calgary Flames,True
13,16-17,Washington Capitals,Toronto Maple Leafs,False
14,16-17,Ottawa Senators,Boston Bruins,True
15,16-17,Chicago Blackhawks,Nashville Predators,False
16,16-17,Columbus Blue Jackets,Pittsburgh Penguins,False
17,16-17,New York Rangers,Montreal Canadiens,False
18,16-17,San Jose Sharks,Edmonton Oilers,False
19,16-17,St. Louis Blues,Minnesota Wild,True
20,16-17,Toronto Maple Leafs,Washington Capitals,True
21,16-17,Nashville Predators,Chicago Blackhawks,True
22,16-17,Boston Bruins,Ottawa Senators,False
23,16-17,Calgary Flames,Anaheim Ducks,False
24,16-17,Columbus Blue Jackets,Pittsburgh Penguins,True
25,16-17,New York Rangers,Montreal Canadiens,True
26,16-17,San Jose Sharks,Edmonton Oilers,True
27,16-17,Boston Bruins,Ottawa Senators,False
28,16-17,Calgary Flames,Anaheim Ducks,False
29,16-17,St. Louis Blues,Minnesota Wild,False
30,16-17,Toronto Maple Leafs,Washington Capitals,False
31,16-17,Montreal Canadiens,New York Rangers,False
32,16-17,Pittsburgh Penguins,Columbus Blue Jackets,True
33,16-17,Nashville Predators,Chicago Blackhawks,True
34,16-17,Edmonton Oilers,San Jose Sharks,True
35,16-17,Ottawa Senators,Boston Bruins,False
36,16-17,Washington Capitals,Toronto Maple Leafs,True
37,16-17,Minnesota Wild,St. Louis Blues,False
38,16-17,New York Rangers,Montreal Canadiens,True
39,16-17,San Jose Sharks,Edmonton Oilers,False
40,16-17,Boston Bruins,Ottawa Senators,False
41,16-17,Toronto Maple Leafs,Washington Capitals,False
42,16-17,St. Louis Blues,Nashville Predators,False
43,16-17,Anaheim Ducks,Edmonton Oilers,False
44,16-17,Ottawa Senators,New York Rangers,True
45,16-17,Washington Capitals,Pittsburgh Penguins,False
46,16-17,Anaheim Ducks,Edmonton Oilers,False
47,16-17,St. Louis Blues,Nashville Predators,True
48,16-17,Ottawa Senators,New York Rangers,True
49,16-17,Washington Capitals,Pittsburgh Penguins,False
50,16-17,Edmonton Oilers,Anaheim Ducks,False
51,16-17,Nashville Predators,St. Louis Blues,True
52,16-17,Pittsburgh Penguins,Washington Capitals,False
53,16-17,Nashville Predators,St. Louis Blues,True
54,16-17,New York Rangers,Ottawa Senators,True
55,16-17,Edmonton Oilers,Anaheim Ducks,False
56,16-17,Pittsburgh Penguins,Washington Capitals,True
57,16-17,New York Rangers,Ottawa Senators,True
58,16-17,Anaheim Ducks,Edmonton Oilers,True
59,16-17,St. Louis Blues,Nashville Predators,True
60,16-17,Ottawa Senators,New York Rangers,True
61,16-17,Washington Capitals,Pittsburgh Penguins,True
62,16-17,Edmonton Oilers,Anaheim Ducks,True
63,16-17,Nashville Predators,St. Louis Blues,True
64,16-17,Pittsburgh Penguins,Washington Capitals,False
65,16-17,New York Rangers,Ottawa Senators,False
66,16-17,Washington Capitals,Pittsburgh Penguins,False
67,16-17,Anaheim Ducks,Edmonton Oilers,True
68,16-17,Anaheim Ducks,Nashville Predators,False
69,16-17,Pittsburgh Penguins,Ottawa Senators,False
70,16-17,Anaheim Ducks,Nashville Predators,True
71,16-17,Pittsburgh Penguins,Ottawa Senators,True
72,16-17,Nashville Predators,Anaheim Ducks,True
73,16-17,Ottawa Senators,Pittsburgh Penguins,True
74,16-17,Nashville Predators,Anaheim Ducks,False
75,16-17,Ottawa Senators,Pittsburgh Penguins,False
76,16-17,Anaheim Ducks,Nashville Predators,False
77,16-17,Pittsburgh Penguins,Ottawa Senators,True
78,16-17,Nashville Predators,Anaheim Ducks,True
79,16-17,Ottawa Senators,Pittsburgh Penguins,True
80,16-17,Pittsburgh Penguins,Ottawa Senators,True
81,16-17,Pittsburgh Penguins,Nashville Predators,True
82,16-17,Pittsburgh Penguins,Nashville Predators,True
83,16-17,Nashville Predators,Pittsburgh Penguins,True
84,16-17,Nashville Predators,Pittsburgh Penguins,True
85,16-17,Pittsburgh Penguins,Nashville Predators,True
86,16-17,Nashville Predators,Pittsburgh Penguins,False
87,17-18,Vegas Golden Knights,Los Angeles Kings,True
88,17-18,Pittsburgh Penguins,Philadelphia Flyers,True
89,17-18,Winnipeg Jets,Minnesota Wild,True
90,17-18,Anaheim Ducks,San Jose Sharks,False
91,17-18,Boston Bruins,Toronto Maple Leafs,True
92,17-18,Nashville Predators,Colorado Avalanche,True
93,17-18,Tampa Bay Lightning,New Jersey Devils,True
94,17-18,Washington Capitals,Columbus Blue Jackets,False
95,17-18,Pittsburgh Penguins,Philadelphia Flyers,False
96,17-18,Vegas Golden Knights,Los Angeles Kings,True
97,17-18,Winnipeg Jets,Minnesota Wild,True
98,17-18,Anaheim Ducks,San Jose Sharks,False
99,17-18,Tampa Bay Lightning,New Jersey Devils,True
100,17-18,Nashville Predators,Colorado Avalanche,True
101,17-18,Boston Bruins,Toronto Maple Leafs,True
102,17-18,Los Angeles Kings,Vegas Golden Knights,False
103,17-18,Minnesota Wild,Winnipeg Jets,True
104,17-18,Philadelphia Flyers,Pittsburgh Penguins,False
105,17-18,Washington Capitals,Columbus Blue Jackets,False
106,17-18,Toronto Maple Leafs,Boston Bruins,True
107,17-18,San Jose Sharks,Anaheim Ducks,True
108,17-18,Colorado Avalanche,Nashville Predators,True
109,17-18,New Jersey Devils,Tampa Bay Lightning,True
110,17-18,Columbus Blue Jackets,Washington Capitals,False
111,17-18,Los Angeles Kings,Vegas Golden Knights,False
112,17-18,Minnesota Wild,Winnipeg Jets,False
113,17-18,Colorado Avalanche,Nashville Predators,False
114,17-18,New Jersey Devils,Tampa Bay Lightning,False
115,17-18,Philadelphia Flyers,Pittsburgh Penguins,False
116,17-18,San Jose Sharks,Anaheim Ducks,True
117,17-18,Columbus Blue Jackets,Washington Capitals,False
118,17-18,Toronto Maple Leafs,Boston Bruins,False
119,17-18,Nashville Predators,Colorado Avalanche,False
120,17-18,Winnipeg Jets,Minnesota Wild,True
121,17-18,Pittsburgh Penguins,Philadelphia Flyers,False
122,17-18,Boston Bruins,Toronto Maple Leafs,False
123,17-18,Tampa Bay Lightning,New Jersey Devils,True
124,17-18,Washington Capitals,Columbus Blue Jackets,True
125,17-18,Colorado Avalanche,Nashville Predators,False
126,17-18,Philadelphia Flyers,Pittsburgh Penguins,False
127,17-18,Columbus Blue Jackets,Washington Capitals,False
128,17-18,Toronto Maple Leafs,Boston Bruins,True
129,17-18,Boston Bruins,Toronto Maple Leafs,True
130,17-18,Washington Capitals,Pittsburgh Penguins,False
131,17-18,Vegas Golden Knights,San Jose Sharks,True
132,17-18,Nashville Predators,Winnipeg Jets,False
133,17-18,Tampa Bay Lightning,Boston Bruins,False
134,17-18,Vegas Golden Knights,San Jose Sharks,False
135,17-18,Nashville Predators,Winnipeg Jets,True
136,17-18,Washington Capitals,Pittsburgh Penguins,True
137,17-18,San Jose Sharks,Vegas Golden Knights,False
138,17-18,Tampa Bay Lightning,Boston Bruins,True
139,17-18,Pittsburgh Penguins,Washington Capitals,False
140,17-18,Winnipeg Jets,Nashville Predators,True
141,17-18,Boston Bruins,Tampa Bay Lightning,False
142,17-18,San Jose Sharks,Vegas Golden Knights,True
143,17-18,Pittsburgh Penguins,Washington Capitals,True
144,17-18,Winnipeg Jets,Nashville Predators,False
145,17-18,Boston Bruins,Tampa Bay Lightning,False
146,17-18,Vegas Golden Knights,San Jose Sharks,True
147,17-18,Nashville Predators,Winnipeg Jets,False
148,17-18,Washington Capitals,Pittsburgh Penguins,True
149,17-18,Tampa Bay Lightning,Boston Bruins,True
150,17-18,San Jose Sharks,Vegas Golden Knights,False
151,17-18,Pittsburgh Penguins,Washington Capitals,False
152,17-18,Winnipeg Jets,Nashville Predators,False
153,17-18,Nashville Predators,Winnipeg Jets,False
154,17-18,Tampa Bay Lightning,Washington Capitals,False
155,17-18,Winnipeg Jets,Vegas Golden Knights,True
156,17-18,Tampa Bay Lightning,Washington Capitals,False
157,17-18,Winnipeg Jets,Vegas Golden Knights,False
158,17-18,Washington Capitals,Tampa Bay Lightning,False
159,17-18,Vegas Golden Knights,Winnipeg Jets,True
160,17-18,Washington Capitals,Tampa Bay Lightning,False
161,17-18,Vegas Golden Knights,Winnipeg Jets,True
162,17-18,Tampa Bay Lightning,Washington Capitals,True
163,17-18,Winnipeg Jets,Vegas Golden Knights,False
164,17-18,Washington Capitals,Tampa Bay Lightning,True
165,17-18,Tampa Bay Lightning,Washington Capitals,False
166,17-18,Vegas Golden Knights,Washington Capitals,True
167,17-18,Vegas Golden Knights,Washington Capitals,False
168,17-18,Washington Capitals,Vegas Golden Knights,True
169,17-18,Washington Capitals,Vegas Golden Knights,True
170,17-18,Vegas Golden Knights,Washington Capitals,False
171,18-19,New York Islanders,Pittsburgh Penguins,True
172,18-19,Nashville Predators,Dallas Stars,False
173,18-19,Winnipeg Jets,St. Louis Blues,False
174,18-19,San Jose Sharks,Vegas Golden Knights,True
175,18-19,Tampa Bay Lightning,Columbus Blue Jackets,False
176,18-19,Boston Bruins,Toronto Maple Leafs,False
177,18-19,Calgary Flames,Colorado Avalanche,True
178,18-19,Washington Capitals,Carolina Hurricanes,True
179,18-19,New York Islanders,Pittsburgh Penguins,True
180,18-19,San Jose Sharks,Vegas Golden Knights,False
181,18-19,Tampa Bay Lightning,Columbus Blue Jackets,False
182,18-19,Winnipeg Jets,St. Louis Blues,False
183,18-19,Boston Bruins,Toronto Maple Leafs,True
184,18-19,Washington Capitals,Carolina Hurricanes,True
185,18-19,Nashville Predators,Dallas Stars,True
186,18-19,Calgary Flames,Colorado Avalanche,False
187,18-19,Columbus Blue Jackets,Tampa Bay Lightning,True
188,18-19,Pittsburgh Penguins,New York Islanders,False
189,18-19,St. Louis Blues,Winnipeg Jets,False
190,18-19,Vegas Golden Knights,San Jose Sharks,True
191,18-19,Toronto Maple Leafs,Boston Bruins,True
192,18-19,Dallas Stars,Nashville Predators,False
193,18-19,Carolina Hurricanes,Washington Capitals,True
194,18-19,Colorado Avalanche,Calgary Flames,True
195,18-19,Columbus Blue Jackets,Tampa Bay Lightning,True
196,18-19,Pittsburgh Penguins,New York Islanders,False
197,18-19,St. Louis Blues,Winnipeg Jets,False
198,18-19,Vegas Golden Knights,San Jose Sharks,True
199,18-19,Colorado Avalanche,Calgary Flames,True
200,18-19,Dallas Stars,Nashville Predators,True
201,18-19,Toronto Maple Leafs,Boston Bruins,False
202,18-19,Winnipeg Jets,St. Louis Blues,False
203,18-19,San Jose Sharks,Vegas Golden Knights,True
204,18-19,Carolina Hurricanes,Washington Capitals,True
205,18-19,Boston Bruins,Toronto Maple Leafs,False
206,18-19,Calgary Flames,Colorado Avalanche,False
207,18-19,Nashville Predators,Dallas Stars,False
208,18-19,St. Louis Blues,Winnipeg Jets,True
209,18-19,Washington Capitals,Carolina Hurricanes,True
210,18-19,Toronto Maple Leafs,Boston Bruins,False
211,18-19,Vegas Golden Knights,San Jose Sharks,False
212,18-19,Carolina Hurricanes,Washington Capitals,True
213,18-19,Dallas Stars,Nashville Predators,True
214,18-19,Boston Bruins,Toronto Maple Leafs,True
215,18-19,San Jose Sharks,Vegas Golden Knights,True
216,18-19,Washington Capitals,Carolina Hurricanes,False
217,18-19,St. Louis Blues,Dallas Stars,True
218,18-19,Boston Bruins,Columbus Blue Jackets,True
219,18-19,New York Islanders,Carolina Hurricanes,False
220,18-19,San Jose Sharks,Colorado Avalanche,True
221,18-19,Boston Bruins,Columbus Blue Jackets,False
222,18-19,St. Louis Blues,Dallas Stars,False
223,18-19,New York Islanders,Carolina Hurricanes,False
224,18-19,San Jose Sharks,Colorado Avalanche,False
225,18-19,Dallas Stars,St. Louis Blues,False
226,18-19,Colorado Avalanche,San Jose Sharks,False
227,18-19,Columbus Blue Jackets,Boston Bruins,True
228,18-19,Carolina Hurricanes,New York Islanders,True
229,18-19,Dallas Stars,St. Louis Blues,True
230,18-19,Columbus Blue Jackets,Boston Bruins,False
231,18-19,Colorado Avalanche,San Jose Sharks,True
232,18-19,Carolina Hurricanes,New York Islanders,True
233,18-19,St. Louis Blues,Dallas Stars,False
234,18-19,Boston Bruins,Columbus Blue Jackets,True
235,18-19,San Jose Sharks,Colorado Avalanche,True
236,18-19,Dallas Stars,St. Louis Blues,False
237,18-19,Colorado Avalanche,San Jose Sharks,True
238,18-19,Columbus Blue Jackets,Boston Bruins,False
239,18-19,St. Louis Blues,Dallas Stars,True
240,18-19,San Jose Sharks,Colorado Avalanche,True
241,18-19,Boston Bruins,Carolina Hurricanes,True
242,18-19,San Jose Sharks,St. Louis Blues,True
243,18-19,Boston Bruins,Carolina Hurricanes,True
244,18-19,San Jose Sharks,St. Louis Blues,False
245,18-19,Carolina Hurricanes,Boston Bruins,False
246,18-19,St. Louis Blues,San Jose Sharks,False
247,18-19,Carolina Hurricanes,Boston Bruins,False
248,18-19,St. Louis Blues,San Jose Sharks,True
249,18-19,San Jose Sharks,St. Louis Blues,False
250,18-19,St. Louis Blues,San Jose Sharks,True
251,18-19,Boston Bruins,St. Louis Blues,True
252,18-19,Boston Bruins,St. Louis Blues,False
253,18-19,St. Louis Blues,Boston Bruins,False
254,18-19,St. Louis Blues,Boston Bruins,True
255,18-19,Boston Bruins,St. Louis Blues,False
256,18-19,St. Louis Blues,Boston Bruins,False
257,18-19,Boston Bruins,St. Louis Blues,False
258,19-20,Carolina Hurricanes,New York Rangers,True
259,19-20,Calgary Flames,Winnipeg Jets,True
260,19-20,Edmonton Oilers,Chicago Blackhawks,False
261,19-20,New York Islanders,Florida Panthers,True
262,19-20,Pittsburgh Penguins,Montreal Canadiens,False
263,19-20,Boston Bruins,Philadelphia Flyers,False
264,19-20,Colorado Avalanche,St. Louis Blues,True
265,19-20,Nashville Predators,Arizona Coyotes,False
266,19-20,Toronto Maple Leafs,Columbus Blue Jackets,False
267,19-20,Vancouver Canucks,Minnesota Wild,False
268,19-20,Carolina Hurricanes,New York Rangers,True
269,19-20,Calgary Flames,Winnipeg Jets,False
270,19-20,Edmonton Oilers,Chicago Blackhawks,True
271,19-20,Pittsburgh Penguins,Montreal Canadiens,True
272,19-20,Tampa Bay Lightning,Washington Capitals,True
273,19-20,Vegas Golden Knights,Dallas Stars,True
274,19-20,Nashville Predators,Arizona Coyotes,True
275,19-20,New York Islanders,Florida Panthers,True
276,19-20,New York Rangers,Carolina Hurricanes,False
277,19-20,Toronto Maple Leafs,Columbus Blue Jackets,True
278,19-20,Vancouver Canucks,Minnesota Wild,True
279,19-20,Winnipeg Jets,Calgary Flames,False
280,19-20,Arizona Coyotes,Nashville Predators,True
281,19-20,Boston Bruins,Tampa Bay Lightning,False
282,19-20,Chicago Blackhawks,Edmonton Oilers,True
283,19-20,Dallas Stars,Colorado Avalanche,False
284,19-20,Florida Panthers,New York Islanders,True
285,19-20,Montreal Canadiens,Pittsburgh Penguins,True
286,19-20,Columbus Blue Jackets,Toronto Maple Leafs,True
287,19-20,Minnesota Wild,Vancouver Canucks,False
288,19-20,Philadelphia Flyers,Washington Capitals,True
289,19-20,St. Louis Blues,Vegas Golden Knights,False
290,19-20,Winnipeg Jets,Calgary Flames,False
291,19-20,Arizona Coyotes,Nashville Predators,True
292,19-20,Columbus Blue Jackets,Toronto Maple Leafs,False
293,19-20,Chicago Blackhawks,Edmonton Oilers,True
294,19-20,Florida Panthers,New York Islanders,False
295,19-20,Minnesota Wild,Vancouver Canucks,False
296,19-20,Montreal Canadiens,Pittsburgh Penguins,True
297,19-20,Colorado Avalanche,Vegas Golden Knights,False
298,19-20,Tampa Bay Lightning,Philadelphia Flyers,False
299,19-20,St. Louis Blues,Dallas Stars,False
300,19-20,Toronto Maple Leafs,Columbus Blue Jackets,False
301,19-20,Washington Capitals,Boston Bruins,True
302,19-20,Dallas Stars,Calgary Flames,False
303,19-20,Tampa Bay Lightning,Columbus Blue Jackets,True
304,19-20,Vegas Golden Knights,Chicago Blackhawks,True
305,19-20,Boston Bruins,Carolina Hurricanes,True
306,19-20,Colorado Avalanche,Arizona Coyotes,True
307,19-20,Philadelphia Flyers,Montreal Canadiens,True
308,19-20,St. Louis Blues,Vancouver Canucks,False
309,19-20,Washington Capitals,New York Islanders,False
310,19-20,Boston Bruins,Carolina Hurricanes,False
311,19-20,Dallas Stars,Calgary Flames,True
312,19-20,Tampa Bay Lightning,Columbus Blue Jackets,False
313,19-20,Vegas Golden Knights,Chicago Blackhawks,True
314,19-20,Calgary Flames,Dallas Stars,True
315,19-20,Colorado Avalanche,Arizona Coyotes,True
316,19-20,Philadelphia Flyers,Montreal Canadiens,False
317,19-20,St. Louis Blues,Vancouver Canucks,False
318,19-20,Washington Capitals,New York Islanders,False
319,19-20,Arizona Coyotes,Colorado Avalanche,True
320,19-20,Carolina Hurricanes,Boston Bruins,False
321,19-20,Columbus Blue Jackets,Tampa Bay Lightning,False
322,19-20,Chicago Blackhawks,Vegas Golden Knights,False
323,19-20,Calgary Flames,Dallas Stars,False
324,19-20,Chicago Blackhawks,Vegas Golden Knights,True
325,19-20,Montreal Canadiens,Philadelphia Flyers,False
326,19-20,New York Islanders,Washington Capitals,True
327,19-20,Vancouver Canucks,St. Louis Blues,False
328,19-20,Arizona Coyotes,Colorado Avalanche,False
329,19-20,Carolina Hurricanes,Boston Bruins,False
330,19-20,Columbus Blue Jackets,Tampa Bay Lightning,False
331,19-20,Vancouver Canucks,St. Louis Blues,False
332,19-20,Dallas Stars,Calgary Flames,True
333,19-20,Montreal Canadiens,Philadelphia Flyers,False
334,19-20,New York Islanders,Washington Capitals,False
335,19-20,Vegas Golden Knights,Chicago Blackhawks,True
336,19-20,Boston Bruins,Carolina Hurricanes,True
337,19-20,Colorado Avalanche,Arizona Coyotes,True
338,19-20,Philadelphia Flyers,Montreal Canadiens,False
339,19-20,St. Louis Blues,Vancouver Canucks,False
340,19-20,Tampa Bay Lightning,Columbus Blue Jackets,True
341,19-20,Calgary Flames,Dallas Stars,False
342,19-20,Washington Capitals,New York Islanders,False
343,19-20,Montreal Canadiens,Philadelphia Flyers,False
344,19-20,Vancouver Canucks,St. Louis Blues,True
345,19-20,Colorado Avalanche,Dallas Stars,False
346,19-20,Tampa Bay Lightning,Boston Bruins,False
347,19-20,Vegas Golden Knights,Vancouver Canucks,True
348,19-20,Colorado Avalanche,Dallas Stars,False
349,19-20,Philadelphia Flyers,New York Islanders,False
350,19-20,Tampa Bay Lightning,Boston Bruins,True
351,19-20,Vegas Golden Knights,Vancouver Canucks,False
352,19-20,Boston Bruins,Tampa Bay Lightning,False
353,19-20,Dallas Stars,Colorado Avalanche,False
354,19-20,Philadelphia Flyers,New York Islanders,True
355,19-20,Boston Bruins,Tampa Bay Lightning,False
356,19-20,New York Islanders,Philadelphia Flyers,True
357,19-20,Vancouver Canucks,Vegas Golden Knights,False
358,19-20,Dallas Stars,Colorado Avalanche,True
359,19-20,New York Islanders,Philadelphia Flyers,True
360,19-20,Vancouver Canucks,Vegas Golden Knights,False
361,19-20,Colorado Avalanche,Dallas Stars,True
362,19-20,Tampa Bay Lightning,Boston Bruins,True
363,19-20,Philadelphia Flyers,New York Islanders,True
364,19-20,Vegas Golden Knights,Vancouver Canucks,False
365,19-20,Dallas Stars,Colorado Avalanche,False
366,19-20,New York Islanders,Philadelphia Flyers,False
367,19-20,Vancouver Canucks,Vegas Golden Knights,True
368,19-20,Colorado Avalanche,Dallas Stars,False
369,19-20,Vegas Golden Knights,Vancouver Canucks,True
370,19-20,Philadelphia Flyers,New York Islanders,False
371,19-20,Vegas Golden Knights,Dallas Stars,False
372,19-20,Tampa Bay Lightning,New York Islanders,True
373,19-20,Vegas Golden Knights,Dallas Stars,True
374,19-20,Tampa Bay Lightning,New York Islanders,True
375,19-20,Dallas Stars,Vegas Golden Knights,True
376,19-20,New York Islanders,Tampa Bay Lightning,True
377,19-20,Dallas Stars,Vegas Golden Knights,True
378,19-20,New York Islanders,Tampa Bay Lightning,False
379,19-20,Vegas Golden Knights,Dallas Stars,False
380,19-20,Tampa Bay Lightning,New York Islanders,False
381,19-20,New York Islanders,Tampa Bay Lightning,False
382,19-20,Tampa Bay Lightning,Dallas Stars,False
383,19-20,Tampa Bay Lightning,Dallas Stars,True
384,19-20,Dallas Stars,Tampa Bay Lightning,False
385,19-20,Dallas Stars,Tampa Bay Lightning,False
386,19-20,Tampa Bay Lightning,Dallas Stars,False
387,19-20,Dallas Stars,Tampa Bay Lightning,False
388,20-21,Washington Capitals,Boston Bruins,True
389,20-21,Florida Panthers,Tampa Bay Lightning,False
390,20-21,Vegas Golden Knights,Minnesota Wild,False
391,20-21,Pittsburgh Penguins,New York Islanders,False
392,20-21,Carolina Hurricanes,Nashville Predators,True
393,20-21,Washington Capitals,Boston Bruins,False
394,20-21,Colorado Avalanche,St. Louis Blues,True
395,20-21,Florida Panthers,Tampa Bay Lightning,False
396,20-21,Pittsburgh Penguins,New York Islanders,True
397,20-21,Vegas Golden Knights,Minnesota Wild,True
398,20-21,Boston Bruins,Washington Capitals,True
399,20-21,Carolina Hurricanes,Nashville Predators,True
400,20-21,Colorado Avalanche,St. Louis Blues,True
401,20-21,Edmonton Oilers,Winnipeg Jets,False
402,20-21,New York Islanders,Pittsburgh Penguins,False
403,20-21,Toronto Maple Leafs,Montreal Canadiens,False
404,20-21,Tampa Bay Lightning,Florida Panthers,False
405,20-21,Minnesota Wild,Vegas Golden Knights,False
406,20-21,Boston Bruins,Washington Capitals,True
407,20-21,Edmonton Oilers,Winnipeg Jets,False
408,20-21,Nashville Predators,Carolina Hurricanes,True
409,20-21,St. Louis Blues,Colorado Avalanche,False
410,20-21,Toronto Maple Leafs,Montreal Canadiens,True
411,20-21,New York Islanders,Pittsburgh Penguins,True
412,20-21,Minnesota Wild,Vegas Golden Knights,False
413,20-21,Tampa Bay Lightning,Florida Panthers,True
414,20-21,Nashville Predators,Carolina Hurricanes,True
415,20-21,St. Louis Blues,Colorado Avalanche,False
416,20-21,Winnipeg Jets,Edmonton Oilers,True
417,20-21,Washington Capitals,Boston Bruins,False
418,20-21,Vegas Golden Knights,Minnesota Wild,False
419,20-21,Winnipeg Jets,Edmonton Oilers,True
420,20-21,Pittsburgh Penguins,New York Islanders,False
421,20-21,Montreal Canadiens,Toronto Maple Leafs,False
422,20-21,Florida Panthers,Tampa Bay Lightning,True
423,20-21,Carolina Hurricanes,Nashville Predators,True
424,20-21,Montreal Canadiens,Toronto Maple Leafs,False
425,20-21,Minnesota Wild,Vegas Golden Knights,True
426,20-21,New York Islanders,Pittsburgh Penguins,True
427,20-21,Tampa Bay Lightning,Florida Panthers,True
428,20-21,Nashville Predators,Carolina Hurricanes,False
429,20-21,Toronto Maple Leafs,Montreal Canadiens,False
430,20-21,Vegas Golden Knights,Minnesota Wild,True
431,20-21,Montreal Canadiens,Toronto Maple Leafs,True
432,20-21,Boston Bruins,New York Islanders,True
433,20-21,Colorado Avalanche,Vegas Golden Knights,True
434,20-21,Carolina Hurricanes,Tampa Bay Lightning,False
435,20-21,Boston Bruins,New York Islanders,False
436,20-21,Toronto Maple Leafs,Montreal Canadiens,False
437,20-21,Carolina Hurricanes,Tampa Bay Lightning,False
438,20-21,Colorado Avalanche,Vegas Golden Knights,True
439,20-21,Winnipeg Jets,Montreal Canadiens,False
440,20-21,New York Islanders,Boston Bruins,False
441,20-21,Tampa Bay Lightning,Carolina Hurricanes,False
442,20-21,Vegas Golden Knights,Colorado Avalanche,True
443,20-21,Winnipeg Jets,Montreal Canadiens,False
444,20-21,New York Islanders,Boston Bruins,True
445,20-21,Tampa Bay Lightning,Carolina Hurricanes,True
446,20-21,Montreal Canadiens,Winnipeg Jets,True
447,20-21,Vegas Golden Knights,Colorado Avalanche,True
448,20-21,Boston Bruins,New York Islanders,False
449,20-21,Montreal Canadiens,Winnipeg Jets,True
450,20-21,Colorado Avalanche,Vegas Golden Knights,False
451,20-21,Carolina Hurricanes,Tampa Bay Lightning,False
452,20-21,New York Islanders,Boston Bruins,True
453,20-21,Vegas Golden Knights,Colorado Avalanche,True
454,20-21,Tampa Bay Lightning,New York Islanders,False
455,20-21,Vegas Golden Knights,Montreal Canadiens,True
456,20-21,Tampa Bay Lightning,New York Islanders,True
457,20-21,Vegas Golden Knights,Montreal Canadiens,False
458,20-21,New York Islanders,Tampa Bay Lightning,False
459,20-21,Montreal Canadiens,Vegas Golden Knights,True
460,20-21,New York Islanders,Tampa Bay Lightning,True
461,20-21,Montreal Canadiens,Vegas Golden Knights,False
462,20-21,Tampa Bay Lightning,New York Islanders,True
463,20-21,Vegas Golden Knights,Montreal Canadiens,False
464,20-21,New York Islanders,Tampa Bay Lightning,True
465,20-21,Montreal Canadiens,Vegas Golden Knights,True
466,20-21,Tampa Bay Lightning,New York Islanders,True
467,20-21,Tampa Bay Lightning,Montreal Canadiens,True
468,20-21,Tampa Bay Lightning,Montreal Canadiens,True
469,20-21,Montreal Canadiens,Tampa Bay Lightning,False
470,20-21,Montreal Canadiens,Tampa Bay Lightning,True
471,20-21,Tampa Bay Lightning,Montreal Canadiens,True
472,21-22,Edmonton Oilers,Los Angeles Kings,False
473,21-22,Carolina Hurricanes,Boston Bruins,True
474,21-22,Toronto Maple Leafs,Tampa Bay Lightning,True
475,21-22,Minnesota Wild,St. Louis Blues,False
476,21-22,Calgary Flames,Dallas Stars,True
477,21-22,Colorado Avalanche,Nashville Predators,True
478,21-22,Florida Panthers,Washington Capitals,False
479,21-22,New York Rangers,Pittsburgh Penguins,False
480,21-22,Carolina Hurricanes,Boston Bruins,True
481,21-22,Edmonton Oilers,Los Angeles Kings,True
482,21-22,Minnesota Wild,St. Louis Blues,True
483,21-22,Toronto Maple Leafs,Tampa Bay Lightning,False
484,21-22,Florida Panthers,Washington Capitals,True
485,21-22,New York Rangers,Pittsburgh Penguins,True
486,21-22,Colorado Avalanche,Nashville Predators,True
487,21-22,Calgary Flames,Dallas Stars,False
488,21-22,Boston Bruins,Carolina Hurricanes,True
489,21-22,Los Angeles Kings,Edmonton Oilers,False
490,21-22,St. Louis Blues,Minnesota Wild,False
491,21-22,Tampa Bay Lightning,Toronto Maple Leafs,False
492,21-22,Dallas Stars,Calgary Flames,True
493,21-22,Nashville Predators,Colorado Avalanche,False
494,21-22,Pittsburgh Penguins,New York Rangers,True
495,21-22,Washington Capitals,Florida Panthers,True
496,21-22,Boston Bruins,Carolina Hurricanes,True
497,21-22,Tampa Bay Lightning,Toronto Maple Leafs,True
498,21-22,Los Angeles Kings,Edmonton Oilers,True
499,21-22,St. Louis Blues,Minnesota Wild,True
500,21-22,Dallas Stars,Calgary Flames,False
501,21-22,Nashville Predators,Colorado Avalanche,False
502,21-22,Pittsburgh Penguins,New York Rangers,True
503,21-22,Washington Capitals,Florida Panthers,False
504,21-22,Toronto Maple Leafs,Tampa Bay Lightning,True
505,21-22,Minnesota Wild,St. Louis Blues,False
506,21-22,Edmonton Oilers,Los Angeles Kings,False
507,21-22,Carolina Hurricanes,Boston Bruins,True
508,21-22,Calgary Flames,Dallas Stars,True
509,21-22,Florida Panthers,Washington Capitals,True
510,21-22,New York Rangers,Pittsburgh Penguins,True
511,21-22,Boston Bruins,Carolina Hurricanes,True
512,21-22,Los Angeles Kings,Edmonton Oilers,False
513,21-22,St. Louis Blues,Minnesota Wild,True
514,21-22,Tampa Bay Lightning,Toronto Maple Leafs,True
515,21-22,Washington Capitals,Florida Panthers,False
516,21-22,Pittsburgh Penguins,New York Rangers,False
517,21-22,Dallas Stars,Calgary Flames,True
518,21-22,Carolina Hurricanes,Boston Bruins,True
519,21-22,Toronto Maple Leafs,Tampa Bay Lightning,False
520,21-22,Edmonton Oilers,Los Angeles Kings,True
521,21-22,Calgary Flames,Dallas Stars,True
522,21-22,New York Rangers,Pittsburgh Penguins,True
523,21-22,Colorado Avalanche,St. Louis Blues,True
524,21-22,Florida Panthers,Tampa Bay Lightning,False
525,21-22,Carolina Hurricanes,New York Rangers,True
526,21-22,Calgary Flames,Edmonton Oilers,True
527,21-22,Colorado Avalanche,St. Louis Blues,False
528,21-22,Florida Panthers,Tampa Bay Lightning,False
529,21-22,Calgary Flames,Edmonton Oilers,False
530,21-22,Carolina Hurricanes,New York Rangers,True
531,21-22,St. Louis Blues,Colorado Avalanche,False
532,21-22,Edmonton Oilers,Calgary Flames,True
533,21-22,New York Rangers,Carolina Hurricanes,True
534,21-22,Tampa Bay Lightning,Florida Panthers,True
535,21-22,St. Louis Blues,Colorado Avalanche,False
536,21-22,Tampa Bay Lightning,Florida Panthers,True
537,21-22,Edmonton Oilers,Calgary Flames,True
538,21-22,New York Rangers,Carolina Hurricanes,True
539,21-22,Colorado Avalanche,St. Louis Blues,False
540,21-22,Calgary Flames,Edmonton Oilers,False
541,21-22,Carolina Hurricanes,New York Rangers,True
542,21-22,St. Louis Blues,Colorado Avalanche,False
543,21-22,New York Rangers,Carolina Hurricanes,True
544,21-22,Carolina Hurricanes,New York Rangers,False
545,21-22,Colorado Avalanche,Edmonton Oilers,True
546,21-22,New York Rangers,Tampa Bay Lightning,True
547,21-22,Colorado Avalanche,Edmonton Oilers,True
548,21-22,New York Rangers,Tampa Bay Lightning,True
549,21-22,Edmonton Oilers,Colorado Avalanche,False
550,21-22,Tampa Bay Lightning,New York Rangers,True
551,21-22,Edmonton Oilers,Colorado Avalanche,False
552,21-22,Tampa Bay Lightning,New York Rangers,True
553,21-22,New York Rangers,Tampa Bay Lightning,False
554,21-22,Tampa Bay Lightning,New York Rangers,True
555,21-22,Colorado Avalanche,Tampa Bay Lightning,True
556,21-22,Colorado Avalanche,Tampa Bay Lightning,True
557,21-22,Tampa Bay Lightning,Colorado Avalanche,True
558,21-22,Tampa Bay Lightning,Colorado Avalanche,False
559,21-22,Colorado Avalanche,Tampa Bay Lightning,False
560,21-22,Tampa Bay Lightning,Colorado Avalanche,False
561,22-23,Carolina Hurricanes,New York Islanders,True
562,22-23,Dallas Stars,Minnesota Wild,False
563,22-23,Edmonton Oilers,Los Angeles Kings,False
564,22-23,Boston Bruins,Florida Panthers,True
565,22-23,Colorado Avalanche,Seattle Kraken,False
566,22-23,New Jersey Devils,New York Rangers,False
567,22-23,Toronto Maple Leafs,Tampa Bay Lightning,False
568,22-23,Vegas Golden Knights,Winnipeg Jets,False
569,22-23,Edmonton Oilers,Los Angeles Kings,True
570,22-23,Dallas Stars,Minnesota Wild,True
571,22-23,Carolina Hurricanes,New York Islanders,True
572,22-23,Boston Bruins,Florida Panthers,False
573,22-23,Colorado Avalanche,Seattle Kraken,True
574,22-23,New Jersey Devils,New York Rangers,False
575,22-23,Toronto Maple Leafs,Tampa Bay Lightning,True
576,22-23,Vegas Golden Knights,Winnipeg Jets,True
577,22-23,Florida Panthers,Boston Bruins,False
578,22-23,Los Angeles Kings,Edmonton Oilers,True
579,22-23,Minnesota Wild,Dallas Stars,True
580,22-23,New York Islanders,Carolina Hurricanes,True
581,22-23,Winnipeg Jets,Vegas Golden Knights,False
582,22-23,Tampa Bay Lightning,Toronto Maple Leafs,False
583,22-23,Seattle Kraken,Colorado Avalanche,False
584,22-23,New York Rangers,New Jersey Devils,False
585,22-23,Los Angeles Kings,Edmonton Oilers,False
586,22-23,Minnesota Wild,Dallas Stars,False
587,22-23,New York Islanders,Carolina Hurricanes,False
588,22-23,Florida Panthers,Boston Bruins,False
589,22-23,New York Rangers,New Jersey Devils,False
590,22-23,Seattle Kraken,Colorado Avalanche,True
591,22-23,Tampa Bay Lightning,Toronto Maple Leafs,False
592,22-23,Winnipeg Jets,Vegas Golden Knights,False
593,22-23,Edmonton Oilers,Los Angeles Kings,True
594,22-23,Dallas Stars,Minnesota Wild,True
595,22-23,Carolina Hurricanes,New York Islanders,False
596,22-23,Boston Bruins,Florida Panthers,False
597,22-23,Colorado Avalanche,Seattle Kraken,False
598,22-23,New Jersey Devils,New York Rangers,True
599,22-23,Toronto Maple Leafs,Tampa Bay Lightning,False
600,22-23,Vegas Golden Knights,Winnipeg Jets,True
601,22-23,Florida Panthers,Boston Bruins,True
602,22-23,Minnesota Wild,Dallas Stars,False
603,22-23,New York Islanders,Carolina Hurricanes,False
604,22-23,Seattle Kraken,Colorado Avalanche,False
605,22-23,Tampa Bay Lightning,Toronto Maple Leafs,False
606,22-23,Los Angeles Kings,Edmonton Oilers,False
607,22-23,New York Rangers,New Jersey Devils,True
608,22-23,Boston Bruins,Florida Panthers,False
609,22-23,Colorado Avalanche,Seattle Kraken,False
610,22-23,New Jersey Devils,New York Rangers,True
611,22-23,Dallas Stars,Seattle Kraken,False
612,22-23,Toronto Maple Leafs,Florida Panthers,False
613,22-23,Carolina Hurricanes,New Jersey Devils,True
614,22-23,Vegas Golden Knights,Edmonton Oilers,True
615,22-23,Dallas Stars,Seattle Kraken,True
616,22-23,Toronto Maple Leafs,Florida Panthers,False
617,22-23,Carolina Hurricanes,New Jersey Devils,True
618,22-23,Vegas Golden Knights,Edmonton Oilers,False
619,22-23,Florida Panthers,Toronto Maple Leafs,True
620,22-23,New Jersey Devils,Carolina Hurricanes,True
621,22-23,Seattle Kraken,Dallas Stars,True
622,22-23,Edmonton Oilers,Vegas Golden Knights,False
623,22-23,New Jersey Devils,Carolina Hurricanes,False
624,22-23,Seattle Kraken,Dallas Stars,False
625,22-23,Edmonton Oilers,Vegas Golden Knights,True
626,22-23,Florida Panthers,Toronto Maple Leafs,False
627,22-23,Dallas Stars,Seattle Kraken,True
628,22-23,Carolina Hurricanes,New Jersey Devils,True
629,22-23,Toronto Maple Leafs,Florida Panthers,False
630,22-23,Vegas Golden Knights,Edmonton Oilers,True
631,22-23,Seattle Kraken,Dallas Stars,True
632,22-23,Edmonton Oilers,Vegas Golden Knights,False
633,22-23,Dallas Stars,Seattle Kraken,True
634,22-23,Carolina Hurricanes,Florida Panthers,False
635,22-23,Vegas Golden Knights,Dallas Stars,True
636,22-23,Carolina Hurricanes,Florida Panthers,False
637,22-23,Vegas Golden Knights,Dallas Stars,True
638,22-23,Florida Panthers,Carolina Hurricanes,True
639,22-23,Dallas Stars,Vegas Golden Knights,False
640,22-23,Florida Panthers,Carolina Hurricanes,True
641,22-23,Dallas Stars,Vegas Golden Knights,True
642,22-23,Vegas Golden Knights,Dallas Stars,False
643,22-23,Dallas Stars,Vegas Golden Knights,False
644,22-23,Vegas Golden Knights,Florida Panthers,True
645,22-23,Vegas Golden Knights,Florida Panthers,True
646,22-23,Florida Panthers,Vegas Golden Knights,True
647,22-23,Florida Panthers,Vegas Golden Knights,False
648,22-23,Vegas Golden Knights,Florida Panthers,True
649,23-24,Carolina Hurricanes,New York Islanders,True
650,23-24,Boston Bruins,Toronto Maple Leafs,True
651,23-24,New York Rangers,Washington Capitals,True
652,23-24,Vancouver Canucks,Nashville Predators,True
653,23-24,Winnipeg Jets,Colorado Avalanche,True
654,23-24,Florida Panthers,Tampa Bay Lightning,True
655,23-24,Boston Bruins,Toronto Maple Leafs,False
656,23-24,Carolina Hurricanes,New York Islanders,True
657,23-24,Dallas Stars,Vegas Golden Knights,False
658,23-24,Edmonton Oilers,Los Angeles Kings,True
659,23-24,Winnipeg Jets,Colorado Avalanche,False
660,23-24,Vancouver Canucks,Nashville Predators,False
661,23-24,New York Rangers,Washington Capitals,True
662,23-24,Florida Panthers,Tampa Bay Lightning,True
663,23-24,Dallas Stars,Vegas Golden Knights,False
664,23-24,Edmonton Oilers,Los Angeles Kings,False
665,23-24,Toronto Maple Leafs,Boston Bruins,False
666,23-24,New York Islanders,Carolina Hurricanes,False
667,23-24,Tampa Bay Lightning,Florida Panthers,False
668,23-24,Colorado Avalanche,Winnipeg Jets,True
669,23-24,Los Angeles Kings,Edmonton Oilers,False
670,23-24,Nashville Predators,Vancouver Canucks,False
671,23-24,Washington Capitals,New York Rangers,False
672,23-24,New York Islanders,Carolina Hurricanes,True
673,23-24,Vegas Golden Knights,Dallas Stars,False
674,23-24,Tampa Bay Lightning,Florida Panthers,True
675,23-24,Toronto Maple Leafs,Boston Bruins,False
676,23-24,Colorado Avalanche,Winnipeg Jets,True
677,23-24,Los Angeles Kings,Edmonton Oilers,False
678,23-24,Nashville Predators,Vancouver Canucks,False
679,23-24,Washington Capitals,New York Rangers,False
680,23-24,Florida Panthers,Tampa Bay Lightning,True
681,23-24,Vegas Golden Knights,Dallas Stars,False
682,23-24,Carolina Hurricanes,New York Islanders,True
683,23-24,Winnipeg Jets,Colorado Avalanche,False
684,23-24,Vancouver Canucks,Nashville Predators,False
685,23-24,Boston Bruins,Toronto Maple Leafs,False
686,23-24,Dallas Stars,Vegas Golden Knights,True
687,23-24,Edmonton Oilers,Los Angeles Kings,True
688,23-24,Toronto Maple Leafs,Boston Bruins,True
689,23-24,Nashville Predators,Vancouver Canucks,False
690,23-24,Vegas Golden Knights,Dallas Stars,True
691,23-24,Boston Bruins,Toronto Maple Leafs,True
692,23-24,New York Rangers,Carolina Hurricanes,True
693,23-24,Dallas Stars,Vegas Golden Knights,True
694,23-24,Florida Panthers,Boston Bruins,False
695,23-24,New York Rangers,Carolina Hurricanes,True
696,23-24,Dallas Stars,Colorado Avalanche,False
697,23-24,Florida Panthers,Boston Bruins,True
698,23-24,Vancouver Canucks,Edmonton Oilers,True
699,23-24,Carolina Hurricanes,New York Rangers,False
700,23-24,Dallas Stars,Colorado Avalanche,True
701,23-24,Boston Bruins,Florida Panthers,False
702,23-24,Vancouver Canucks,Edmonton Oilers,False
703,23-24,Carolina Hurricanes,New York Rangers,True
704,23-24,Colorado Avalanche,Dallas Stars,False
705,23-24,Boston Bruins,Florida Panthers,False
706,23-24,Edmonton Oilers,Vancouver Canucks,False
707,23-24,Colorado Avalanche,Dallas Stars,False
708,23-24,New York Rangers,Carolina Hurricanes,False
709,23-24,Edmonton Oilers,Vancouver Canucks,True
710,23-24,Florida Panthers,Boston Bruins,False
711,23-24,Dallas Stars,Colorado Avalanche,False
712,23-24,Carolina Hurricanes,New York Rangers,False
713,23-24,Vancouver Canucks,Edmonton Oilers,True
714,23-24,Colorado Avalanche,Dallas Stars,False
715,23-24,Boston Bruins,Florida Panthers,False
716,23-24,Edmonton Oilers,Vancouver Canucks,True
717,23-24,Vancouver Canucks,Edmonton Oilers,False
718,23-24,New York Rangers,Florida Panthers,False
719,23-24,Dallas Stars,Edmonton Oilers,False
720,23-24,New York Rangers,Florida Panthers,True
721,23-24,Dallas Stars,Edmonton Oilers,True
722,23-24,Florida Panthers,New York Rangers,False
723,23-24,Edmonton Oilers,Dallas Stars,False
724,23-24,Florida Panthers,New York Rangers,True
725,23-24,Edmonton Oilers,Dallas Stars,True
726,23-24,New York Rangers,Florida Panthers,False
727,23-24,Dallas Stars,Edmonton Oilers,False
728,23-24,Florida Panthers,New York Rangers,True
729,23-24,Edmonton Oilers,Dallas Stars,True
730,23-24,Florida Panthers,Edmonton Oilers,True
731,23-24,Florida Panthers,Edmonton Oilers,True
732,23-24,Edmonton Oilers,Florida Panthers,False
733,23-24,Edmonton Oilers,Florida Panthers,True
734,23-24,Florida Panthers,Edmonton Oilers,False
735,23-24,Edmonton Oilers,Florida Panthers,True
736,23-24,Florida Panthers,Edmonton Oilers,True
